{
  "injection_type": "session_hijack",
  "injection_magnitude": 3.0,
  "seed": 42,
  "n_events_original": 387,
  "n_events_injected": 27,
  "elapsed_seconds": 0.25,
  "baseline": {
    "threshold_drift_mean": 0.0,
    "threshold_drift_max": 0.0,
    "threshold_drift_std": 0.0,
    "disagreement_entropy_mean": 1.7040166018430702,
    "disagreement_entropy_std": 0.5419289339629969,
    "score_variance_mean": 8.72518094380817,
    "sensitivity_curve": [
      [
        0.01,
        5.9399482545995586
      ],
      [
        0.02526315789473684,
        4.514562959923237
      ],
      [
        0.04052631578947368,
        3.503089843210323
      ],
      [
        0.05578947368421053,
        2.982915829941414
      ],
      [
        0.07105263157894737,
        2.7108525667360714
      ],
      [
        0.0863157894736842,
        1.4505861243739155
      ],
      [
        0.10157894736842105,
        0.36378975900069
      ],
      [
        0.11684210526315789,
        0.3606145912127979
      ],
      [
        0.13210526315789473,
        0.3432116689558299
      ],
      [
        0.1473684210526316,
        0.34081658356118305
      ],
      [
        0.16263157894736843,
        0.3359986243832049
      ],
      [
        0.17789473684210527,
        0.3308037453340578
      ],
      [
        0.1931578947368421,
        0.31838426344158305
      ],
      [
        0.20842105263157895,
        0.31806644370730514
      ],
      [
        0.2236842105263158,
        0.3127361170857376
      ],
      [
        0.23894736842105263,
        0.27675223119502873
      ],
      [
        0.25421052631578944,
        0.20701223160948928
      ],
      [
        0.2694736842105263,
        0.20528607393142415
      ],
      [
        0.2847368421052632,
        0.2034291991563784
      ],
      [
        0.3,
        0.19914555757717195
      ]
    ],
    "detection_rate_at_fpr": {
      "0.01": 0.7407407407407407,
      "0.05": 1.0,
      "0.1": 1.0,
      "0.2": 1.0
    },
    "false_positive_rate_observed": 0.6666666666666666,
    "false_positive_count": 240,
    "true_positive_count": 27,
    "n_events": 387,
    "n_anomalies_flagged": 267,
    "n_injected": 27
  },
  "chimera": {
    "threshold_drift_mean": 0.0,
    "threshold_drift_max": 0.0,
    "threshold_drift_std": 0.0,
    "disagreement_entropy_mean": 1.8744043101750312,
    "disagreement_entropy_std": 0.004285769158142389,
    "score_variance_mean": 0.11109025782542507,
    "sensitivity_curve": [
      [
        0.01,
        0.5914342539702208
      ],
      [
        0.02526315789473684,
        0.33063493048029907
      ],
      [
        0.04052631578947368,
        0.32964562099610634
      ],
      [
        0.05578947368421053,
        0.32910004838735785
      ],
      [
        0.07105263157894737,
        0.3263060340885603
      ],
      [
        0.0863157894736842,
        0.3236471838258223
      ],
      [
        0.10157894736842105,
        0.3229843061450627
      ],
      [
        0.11684210526315789,
        0.32257634876695995
      ],
      [
        0.13210526315789473,
        0.3223802049037445
      ],
      [
        0.1473684210526316,
        0.3219860482782418
      ],
      [
        0.16263157894736843,
        0.32082465282368344
      ],
      [
        0.17789473684210527,
        0.32019835530889224
      ],
      [
        0.1931578947368421,
        0.3197663759394157
      ],
      [
        0.20842105263157895,
        0.318668112988707
      ],
      [
        0.2236842105263158,
        0.31756159779579834
      ],
      [
        0.23894736842105263,
        0.3139711912133833
      ],
      [
        0.25421052631578944,
        0.3118818248277772
      ],
      [
        0.2694736842105263,
        0.30934955057127106
      ],
      [
        0.2847368421052632,
        0.30770218867231935
      ],
      [
        0.3,
        0.30604838391054867
      ]
    ],
    "detection_rate_at_fpr": {
      "0.01": 0.037037037037037035,
      "0.05": 0.3333333333333333,
      "0.1": 0.3333333333333333,
      "0.2": 0.3333333333333333
    },
    "false_positive_rate_observed": 0.25,
    "false_positive_count": 90,
    "true_positive_count": 9,
    "n_events": 387,
    "n_anomalies_flagged": 99,
    "n_injected": 27
  },
  "detection_lift_at_fpr": {
    "0.01": -0.7037037037037037,
    "0.05": -0.6666666666666667,
    "0.1": -0.6666666666666667,
    "0.2": -0.6666666666666667
  },
  "benchmark_slices": {
    "takeover_only": {
      "n_events": 1,
      "baseline_detected_fraction": 1.0,
      "chimera_detected_fraction": 1.0,
      "baseline_mean_score": 0.4705064614874042,
      "chimera_mean_score": 0.593994112571544,
      "chimera_hard_floor_hits": 0
    },
    "coordination_heavy": {
      "n_events": 26,
      "baseline_detected_fraction": 1.0,
      "chimera_detected_fraction": 0.3076923076923077,
      "baseline_mean_score": 4.214349748108001,
      "chimera_mean_score": 0.21169175345848895,
      "chimera_hard_floor_hits": 0
    }
  },
  "identity_examples": []
}