{
  "dataset": "generic_auth",
  "injection_type": "password_spraying",
  "injection_magnitude": 3.0,
  "seed": 42,
  "n_events_original": 374,
  "n_events_injected": 14,
  "elapsed_seconds": 0.25,
  "baseline": {
    "threshold_drift_mean": 0.0,
    "threshold_drift_max": 0.0,
    "threshold_drift_std": 0.0,
    "disagreement_entropy_mean": 1.305378953738072,
    "disagreement_entropy_std": 0.799889311555751,
    "score_variance_mean": 37.3062831578549,
    "sensitivity_curve": [
      [
        0.01,
        2.8272305449955715
      ],
      [
        0.02526315789473684,
        2.2303751432348093
      ],
      [
        0.04052631578947368,
        0.921039258772072
      ],
      [
        0.05578947368421053,
        0.49330224167262593
      ],
      [
        0.07105263157894737,
        0.47661173775423077
      ],
      [
        0.0863157894736842,
        0.46988734187339176
      ],
      [
        0.10157894736842105,
        0.44869203049501216
      ],
      [
        0.11684210526315789,
        0.4415813108998842
      ],
      [
        0.13210526315789473,
        0.4353755818285334
      ],
      [
        0.1473684210526316,
        0.4316044836544011
      ],
      [
        0.16263157894736843,
        0.4292946077576351
      ],
      [
        0.17789473684210527,
        0.42485997092771016
      ],
      [
        0.1931578947368421,
        0.4204369897328378
      ],
      [
        0.20842105263157895,
        0.41759914485736593
      ],
      [
        0.2236842105263158,
        0.4111101686050774
      ],
      [
        0.23894736842105263,
        0.40824817279702774
      ],
      [
        0.25421052631578944,
        0.4067553698894281
      ],
      [
        0.2694736842105263,
        0.4050123759985803
      ],
      [
        0.2847368421052632,
        0.4039418587588316
      ],
      [
        0.3,
        0.4017747912492813
      ]
    ],
    "detection_rate_at_fpr": {
      "0.01": 1.0,
      "0.05": 1.0,
      "0.1": 1.0,
      "0.2": 1.0
    },
    "false_positive_rate_observed": 0.8972222222222223,
    "false_positive_count": 323,
    "true_positive_count": 14,
    "n_events": 374,
    "n_anomalies_flagged": 337,
    "n_injected": 14
  },
  "chimera": {
    "threshold_drift_mean": 0.0,
    "threshold_drift_max": 0.0,
    "threshold_drift_std": 0.0,
    "disagreement_entropy_mean": 2.3791691604007656,
    "disagreement_entropy_std": 0.008052069323171878,
    "score_variance_mean": 0.19321650222998896,
    "sensitivity_curve": [
      [
        0.01,
        0.7302732817292517
      ],
      [
        0.02526315789473684,
        0.7252015556836303
      ],
      [
        0.04052631578947368,
        0.6135211840459001
      ],
      [
        0.05578947368421053,
        0.5160106354516777
      ],
      [
        0.07105263157894737,
        0.4868928037000607
      ],
      [
        0.0863157894736842,
        0.48470835686943425
      ],
      [
        0.10157894736842105,
        0.48445914232788767
      ],
      [
        0.11684210526315789,
        0.47479036199750707
      ],
      [
        0.13210526315789473,
        0.4677648376831037
      ],
      [
        0.1473684210526316,
        0.4667109376954647
      ],
      [
        0.16263157894736843,
        0.4652679590300476
      ],
      [
        0.17789473684210527,
        0.4647752147983713
      ],
      [
        0.1931578947368421,
        0.46386988231989923
      ],
      [
        0.20842105263157895,
        0.4629479362407718
      ],
      [
        0.2236842105263158,
        0.4625135552314641
      ],
      [
        0.23894736842105263,
        0.46218016997761985
      ],
      [
        0.25421052631578944,
        0.46183481665540826
      ],
      [
        0.2694736842105263,
        0.4615638303993515
      ],
      [
        0.2847368421052632,
        0.46130135458093957
      ],
      [
        0.3,
        0.4611329904332241
      ]
    ],
    "detection_rate_at_fpr": {
      "0.01": 0.9285714285714286,
      "0.05": 0.9285714285714286,
      "0.1": 0.9285714285714286,
      "0.2": 0.9285714285714286
    },
    "false_positive_rate_observed": 0.8666666666666667,
    "false_positive_count": 312,
    "true_positive_count": 13,
    "n_events": 374,
    "n_anomalies_flagged": 325,
    "n_injected": 14
  },
  "detection_lift_at_fpr": {
    "0.01": -0.0714285714285714,
    "0.05": -0.0714285714285714,
    "0.1": -0.0714285714285714,
    "0.2": -0.0714285714285714
  },
  "benchmark_slices": {
    "takeover_only": {
      "n_events": 1,
      "baseline_detected_fraction": 1.0,
      "chimera_detected_fraction": 1.0,
      "baseline_mean_score": 6.545628515902409,
      "chimera_mean_score": 1.0,
      "chimera_hard_floor_hits": 1
    },
    "coordination_heavy": {
      "n_events": 13,
      "baseline_detected_fraction": 1.0,
      "chimera_detected_fraction": 0.9230769230769231,
      "baseline_mean_score": 2.3130554382276007,
      "chimera_mean_score": 0.6902173143388158,
      "chimera_hard_floor_hits": 0
    },
    "infra_reuse_heavy": {
      "n_events": 13,
      "baseline_detected_fraction": 1.0,
      "chimera_detected_fraction": 0.9230769230769231,
      "baseline_mean_score": 2.3130554382276007,
      "chimera_mean_score": 0.6902173143388158,
      "chimera_hard_floor_hits": 0
    },
    "mfa_bypass_focus": {
      "n_events": 0
    },
    "session_concurrency_focus": {
      "n_events": 1,
      "baseline_detected_fraction": 1.0,
      "chimera_detected_fraction": 1.0,
      "baseline_mean_score": 6.545628515902409,
      "chimera_mean_score": 1.0,
      "chimera_hard_floor_hits": 1
    },
    "geo_velocity_focus": {
      "n_events": 14,
      "baseline_detected_fraction": 1.0,
      "chimera_detected_fraction": 0.9285714285714286,
      "baseline_mean_score": 2.6153820866329442,
      "chimera_mean_score": 0.7123446490289006,
      "chimera_hard_floor_hits": 1
    },
    "spray_focus": {
      "n_events": 12,
      "baseline_detected_fraction": 1.0,
      "chimera_detected_fraction": 1.0,
      "baseline_mean_score": 2.410117991398222,
      "chimera_mean_score": 0.71755835171161,
      "chimera_hard_floor_hits": 0
    },
    "low_and_slow_focus": {
      "n_events": 11,
      "baseline_detected_fraction": 1.0,
      "chimera_detected_fraction": 1.0,
      "baseline_mean_score": 2.4723017231858564,
      "chimera_mean_score": 0.7262887812165554,
      "chimera_hard_floor_hits": 0
    },
    "campaign_focus": {
      "n_events": 13,
      "baseline_detected_fraction": 1.0,
      "chimera_detected_fraction": 0.9230769230769231,
      "baseline_mean_score": 2.3130554382276007,
      "chimera_mean_score": 0.6902173143388158,
      "chimera_hard_floor_hits": 0
    }
  },
  "identity_examples": [
    {
      "event_index": 1,
      "user_id": "user_01",
      "timestamp": "2026-01-07T02:00:00",
      "event_type": "failed_login",
      "session_id": "s-user_01-280",
      "ip_address": "185.220.190.71",
      "country_code": "RU",
      "user_agent": "ua-0",
      "identity_fusion_score": 0.5,
      "identity_takeover_score": 0.875,
      "identity_session_concurrency": 0.5,
      "identity_session_replay_burst": 0.0,
      "identity_session_fingerprint_drift": 1.0,
      "identity_geo_velocity_score": 1.0,
      "identity_password_spray_score": 0.0,
      "identity_low_and_slow_score": 0.0,
      "identity_campaign_score": 0.0,
      "identity_takeover_sequence_score": 0.0,