{
  "dataset": "generic_auth",
  "injection_type": "mfa_bypass",
  "injection_magnitude": 3.0,
  "seed": 42,
  "n_events_original": 364,
  "n_events_injected": 4,
  "elapsed_seconds": 0.21899999999914144,
  "baseline": {
    "threshold_drift_mean": 0.0,
    "threshold_drift_max": 0.0,
    "threshold_drift_std": 0.0,
    "disagreement_entropy_mean": 1.9649898291531902,
    "disagreement_entropy_std": 0.27225255341023796,
    "score_variance_mean": 0.17474405231877094,
    "sensitivity_curve": [
      [
        0.01,
        0.6656656629582542
      ],
      [
        0.02526315789473684,
        0.5516104755712629
      ],
      [
        0.04052631578947368,
        0.3181316211021099
      ],
      [
        0.05578947368421053,
        0.3167448318125857
      ],
      [
        0.07105263157894737,
        0.30186239100433787
      ],
      [
        0.0863157894736842,
        0.30063832348577324
      ],
      [
        0.10157894736842105,
        0.29935412297081354
      ],
      [
        0.11684210526315789,
        0.29435670386655116
      ],
      [
        0.13210526315789473,
        0.2887512820122909
      ],
      [
        0.1473684210526316,
        0.27922954642547315
      ],
      [
        0.16263157894736843,
        0.2791516146735925
      ],
      [
        0.17789473684210527,
        0.2745401368815647
      ],
      [
        0.1931578947368421,
        0.2424611270297139
      ],
      [
        0.20842105263157895,
        0.1806555366386675
      ],
      [
        0.2236842105263158,
        0.18017258593806149
      ],
      [
        0.23894736842105263,
        0.1788628852091151
      ],
      [
        0.25421052631578944,
        0.1745285971739396
      ],
      [
        0.2694736842105263,
        0.17140952737463946
      ],
      [
        0.2847368421052632,
        0.170300307390298
      ],
      [
        0.3,
        0.16412040352359186
      ]
    ],
    "detection_rate_at_fpr": {
      "0.01": 0.25,
      "0.05": 1.0,
      "0.1": 1.0,
      "0.2": 1.0
    },
    "false_positive_rate_observed": 0.6666666666666666,
    "false_positive_count": 240,
    "true_positive_count": 4,
    "n_events": 364,
    "n_anomalies_flagged": 244,
    "n_injected": 4
  },
  "chimera": {
    "threshold_drift_mean": 0.0,
    "threshold_drift_max": 0.0,
    "threshold_drift_std": 0.0,
    "disagreement_entropy_mean": 2.0101645953971112,
    "disagreement_entropy_std": 0.005201795960711364,
    "score_variance_mean": 0.10432716889470445,
    "sensitivity_curve": [
      [
        0.01,
        0.5959144397363421
      ],
      [
        0.02526315789473684,
        0.3057500685567983
      ],
      [
        0.04052631578947368,
        0.28616513486663386
      ],
      [
        0.05578947368421053,
        0.2854540308890623
      ],
      [
        0.07105263157894737,
        0.28431010829859993
      ],
      [
        0.0863157894736842,
        0.28293844281909913
      ],
      [
        0.10157894736842105,
        0.2828043835609671
      ],
      [
        0.11684210526315789,
        0.28219569822504226
      ],
      [
        0.13210526315789473,
        0.2813860297000385
      ],
      [
        0.1473684210526316,
        0.28084358118281433
      ],
      [
        0.16263157894736843,
        0.2804743881933061
      ],
      [
        0.17789473684210527,
        0.280009395789962
      ],
      [
        0.1931578947368421,
        0.27810156688525267
      ],
      [
        0.20842105263157895,
        0.2774683990133273
      ],
      [
        0.2236842105263158,
        0.27692064408675415
      ],
      [
        0.23894736842105263,
        0.2757986583508783
      ],
      [
        0.25421052631578944,
        0.27071744347859134
      ],
      [
        0.2694736842105263,
        0.2670182770194228
      ],
      [
        0.2847368421052632,
        0.26634489521407057
      ],
      [
        0.3,
        0.2649275936609016
      ]
    ],
    "detection_rate_at_fpr": {
      "0.01": 1.0,
      "0.05": 1.0,
      "0.1": 1.0,
      "0.2": 1.0
    },
    "false_positive_rate_observed": 0.25833333333333336,
    "false_positive_count": 93,
    "true_positive_count": 4,
    "n_events": 364,
    "n_anomalies_flagged": 97,
    "n_injected": 4
  },
  "detection_lift_at_fpr": {
    "0.01": 0.75,
    "0.05": 0.0,
    "0.1": 0.0,
    "0.2": 0.0
  },
  "benchmark_slices": {
    "takeover_only": {
      "n_events": 4,
      "baseline_detected_fraction": 1.0,
      "chimera_detected_fraction": 1.0,
      "baseline_mean_score": 0.5773082165100042,
      "chimera_mean_score": 0.7015979092637775,
      "chimera_hard_floor_hits": 1
    },
    "coordination_heavy": {
      "n_events": 3,
      "baseline_detected_fraction": 1.0,
      "chimera_detected_fraction": 1.0,
      "baseline_mean_score": 0.6461011060310645,
      "chimera_mean_score": 0.7391834648404293,
      "chimera_hard_floor_hits": 1
    },
    "infra_reuse_heavy": {
      "n_events": 0
    },
    "mfa_bypass_focus": {
      "n_events": 1,
      "baseline_detected_fraction": 1.0,
      "chimera_detected_fraction": 1.0,
      "baseline_mean_score": 0.6082329223871749,
      "chimera_mean_score": 1.0,
      "chimera_hard_floor_hits": 1
    }
  },
  "identity_examples": []
}