{
  "injection_type": "session_hijack",
  "injection_magnitude": 3.0,
  "seed": 42,
  "n_events_original": 33,
  "n_events_injected": 33,
  "elapsed_seconds": 0.04700000000048021,
  "baseline": {
    "threshold_drift_mean": 0.0,
    "threshold_drift_max": 0.0,
    "threshold_drift_std": 0.0,
    "disagreement_entropy_mean": 0.3928356921868921,
    "disagreement_entropy_std": 0.12616369983412154,
    "score_variance_mean": 1.8881433629915976,
    "sensitivity_curve": [
      [
        0.01,
        4.455838152808125
      ],
      [
        0.02526315789473684,
        2.5457493119281738
      ],
      [
        0.04052631578947368,
        1.7895423600410243
      ],
      [
        0.05578947368421053,
        1.7780393223265256
      ],
      [
        0.07105263157894737,
        1.767851242021416
      ],
      [
        0.0863157894736842,
        1.7586948975298275
      ],
      [
        0.10157894736842105,
        1.6164218561917183
      ],
      [
        0.11684210526315789,
        1.3477438842346414
      ],
      [
        0.13210526315789473,
        1.2041401406024104
      ],
      [
        0.1473684210526316,
        1.2041401406024104
      ],
      [
        0.16263157894736843,
        1.2022455493273934
      ],
      [
        0.17789473684210527,
        1.197714155762404
      ],
      [
        0.1931578947368421,
        1.1902845414180234
      ],
      [
        0.20842105263157895,
        1.1779346917970013
      ],
      [
        0.2236842105263158,
        1.1659422208851975
      ],
      [
        0.23894736842105263,
        1.1546978627380233
      ],
      [
        0.25421052631578944,
        1.1448830644230275
      ],
      [
        0.2694736842105263,
        1.1388208606674994
      ],
      [
        0.2847368421052632,
        1.1341435569078464
      ],
      [
        0.3,
        1.1341435569078464
      ]
    ],
    "detection_rate_at_fpr": {
      "0.01": 0.0,
      "0.05": 0.0,
      "0.1": 0.0,
      "0.2": 0.0
    },
    "false_positive_rate_observed": 0.0,
    "false_positive_count": 0,
    "true_positive_count": 33,
    "n_events": 33,
    "n_anomalies_flagged": 33,
    "n_injected": 33
  },
  "chimera": {
    "threshold_drift_mean": 0.0,
    "threshold_drift_max": 0.0,
    "threshold_drift_std": 0.0,
    "disagreement_entropy_mean": 0.678413342238492,
    "disagreement_entropy_std": 0.008683890717693247,
    "score_variance_mean": 0.03006965044004373,
    "sensitivity_curve": [
      [
        0.01,
        0.9380824337078334
      ],
      [
        0.02526315789473684,
        0.9101931939908079
      ],
      [
        0.04052631578947368,
        0.8990722282503744
      ],
      [
        0.05578947368421053,
        0.8987733400409326
      ],
      [
        0.07105263157894737,
        0.8986419322936781
      ],
      [
        0.0863157894736842,
        0.8986419322936781
      ],
      [
        0.10157894736842105,
        0.8885764189316966
      ],
      [
        0.11684210526315789,
        0.8689528970831275
      ],
      [
        0.13210526315789473,
        0.8559813528891568
      ],
      [
        0.1473684210526316,
        0.8506472645208363
      ],
      [
        0.16263157894736843,
        0.8475433768927186
      ],
      [
        0.17789473684210527,
        0.8475433768927186
      ],
      [
        0.1931578947368421,
        0.8475433768927186
      ],
      [
        0.20842105263157895,
        0.8475433768927186
      ],
      [
        0.2236842105263158,
        0.8475433768927186
      ],
      [
        0.23894736842105263,
        0.8475433768927186
      ],
      [
        0.25421052631578944,
        0.8475433768927186
      ],
      [
        0.2694736842105263,
        0.8475433768927186
      ],
      [
        0.2847368421052632,
        0.8475433768927186
      ],
      [
        0.3,
        0.8475433768927186
      ]
    ],
    "detection_rate_at_fpr": {
      "0.01": 0.0,
      "0.05": 0.0,
      "0.1": 0.0,
      "0.2": 0.0
    },
    "false_positive_rate_observed": 0.0,
    "false_positive_count": 0,
    "true_positive_count": 24,
    "n_events": 33,
    "n_anomalies_flagged": 24,
    "n_injected": 33
  },
  "detection_lift_at_fpr": {
    "0.01": 0.0,
    "0.05": 0.0,
    "0.1": 0.0,
    "0.2": 0.0
  },
  "identity_examples": [
    {
      "user_id": "bob",
      "timestamp": "2026-01-10T16:15:00",
      "identity_fusion_score": 0.0,
      "identity_reasons": []
    },
    {
      "user_id": "bob",
      "timestamp": "2026-01-10T16:15:00",
      "identity_fusion_score": 0.0,
      "identity_reasons": []
    },
    {
      "user_id": "bob",
      "timestamp": "2026-01-10T16:15:00",
      "identity_fusion_score": 0.0,
      "identity_reasons": []
    },
    {
      "user_id": "bob",
      "timestamp": "2026-01-10T16:15:00",
      "identity_fusion_score": 0.0,
      "identity_reasons": []
    },
    {
      "user_id": "bob",
      "timestamp": "2026-01-10T16:15:00",
      "identity_fusion_score": 0.0,
      "identity_reasons": []
    },
    {
      "user_id": "bob",
      "timestamp": "2026-01-10T16:15:00",
      "identity_fusion_score": 0.0,
      "identity_reasons": []
    },
    {
      "user_id": "bob",
      "timestamp": "2026-01-10T16:15:00",
      "identity_fusion_score": 0.0,
      "identity_reasons": []
    },
    {
      "user_id": "bob",
      "timestamp": "2026-01-10T16:15:00",
      "identity_fusion_score": 0.0,
      "identity_reasons": []
    },
    {
      "user_id": "bob",
      "timestamp": "2026-01-10T16:15:00",
      "identity_fusion_score": 0.0,
      "identity_reasons": []
    },
    {
      "user_id": "bob",
      "timestamp": "2026-01-10T16:15:00",
      "identity_fusion_score": 0.0,
      "identity_reasons": []
    }
  ]
}