{
  "dataset": "generic_auth",
  "injection_type": "session_hijack",
  "injection_magnitude": 3.0,
  "seed": 42,
  "n_events_original": 387,
  "n_events_injected": 27,
  "elapsed_seconds": 0.21899999999914144,
  "baseline": {
    "threshold_drift_mean": 0.0,
    "threshold_drift_max": 0.0,
    "threshold_drift_std": 0.0,
    "disagreement_entropy_mean": 1.8286260479009377,
    "disagreement_entropy_std": 0.5790832410869231,
    "score_variance_mean": 8.477790100377684,
    "sensitivity_curve": [
      [
        0.01,
        5.3736776451372075
      ],
      [
        0.02526315789473684,
        4.181806895173758
      ],
      [
        0.04052631578947368,
        3.2450956620161873
      ],
      [
        0.05578947368421053,
        2.6904860672346804
      ],
      [
        0.07105263157894737,
        2.4608039960692287
      ],
      [
        0.0863157894736842,
        1.2368284446949935
      ],
      [
        0.10157894736842105,
        0.3181316211021099
      ],
      [
        0.11684210526315789,
        0.316481045556951
      ],
      [
        0.13210526315789473,
        0.30147016374593844
      ],
      [
        0.1473684210526316,
        0.2994143054374995
      ],
      [
        0.16263157894736843,
        0.2944543957696355
      ],
      [
        0.17789473684210527,
        0.28899962937275653
      ],
      [
        0.1931578947368421,
        0.27925146595260575
      ],
      [
        0.20842105263157895,
        0.2791756371692218
      ],
      [
        0.2236842105263158,
        0.27433624379280486
      ],
      [
        0.23894736842105263,
        0.23140288992967306
      ],
      [
        0.25421052631578944,
        0.1805317448875951
      ],
      [
        0.2694736842105263,
        0.18000675338563613
      ],
      [
        0.2847368421052632,
        0.17866420383338366
      ],
      [
        0.3,
        0.1745285971739396
      ]
    ],
    "detection_rate_at_fpr": {
      "0.01": 0.7777777777777778,
      "0.05": 1.0,
      "0.1": 1.0,
      "0.2": 1.0
    },
    "false_positive_rate_observed": 0.6666666666666666,
    "false_positive_count": 240,
    "true_positive_count": 27,
    "n_events": 387,
    "n_anomalies_flagged": 267,
    "n_injected": 27
  },
  "chimera": {
    "threshold_drift_mean": 0.0,
    "threshold_drift_max": 0.0,
    "threshold_drift_std": 0.0,
    "disagreement_entropy_mean": 2.0098176851688208,
    "disagreement_entropy_std": 0.004031259717980083,
    "score_variance_mean": 0.1054609187940042,
    "sensitivity_curve": [
      [
        0.01,
        0.5099684350148336
      ],
      [
        0.02526315789473684,
        0.28769859445951557
      ],
      [
        0.04052631578947368,
        0.28546488344910975
      ],
      [
        0.05578947368421053,
        0.2843320366246876
      ],
      [
        0.07105263157894737,
        0.28349716138621484
      ],
      [
        0.0863157894736842,
        0.28308928201715444
      ],
      [
        0.10157894736842105,
        0.2829103609323957
      ],
      [
        0.11684210526315789,
        0.2824400258657352
      ],
      [
        0.13210526315789473,
        0.28147665704819624
      ],
      [
        0.1473684210526316,
        0.28084358118281433
      ],
      [
        0.16263157894736843,
        0.28047438819330617
      ],
      [
        0.17789473684210527,
        0.280009395789962
      ],
      [
        0.1931578947368421,
        0.27810156688525267
      ],
      [
        0.20842105263157895,
        0.2774393072415118
      ],
      [
        0.2236842105263158,
        0.2766912335734522
      ],
      [
        0.23894736842105263,
        0.27216130679333667
      ],
      [
        0.25421052631578944,
        0.27028714016185046
      ],
      [
        0.2694736842105263,
        0.2666372870363694
      ],
      [
        0.2847368421052632,
        0.26615153366608024
      ],
      [
        0.3,
        0.26490543801225025
      ]
    ],
    "detection_rate_at_fpr": {
      "0.01": 0.0,
      "0.05": 0.07407407407407407,
      "0.1": 0.3333333333333333,
      "0.2": 0.3333333333333333
    },
    "false_positive_rate_observed": 0.25555555555555554,
    "false_positive_count": 92,
    "true_positive_count": 9,
    "n_events": 387,
    "n_anomalies_flagged": 101,
    "n_injected": 27
  },
  "detection_lift_at_fpr": {
    "0.01": -0.7777777777777778,
    "0.05": -0.9259259259259259,
    "0.1": -0.6666666666666667,
    "0.2": -0.6666666666666667
  },
  "benchmark_slices": {
    "takeover_only": {
      "n_events": 1,
      "baseline_detected_fraction": 1.0,
      "chimera_detected_fraction": 1.0,
      "baseline_mean_score": 0.40606937772897334,
      "chimera_mean_score": 0.504701226184298,
      "chimera_hard_floor_hits": 0
    },
    "coordination_heavy": {
      "n_events": 26,
      "baseline_detected_fraction": 1.0,
      "chimera_detected_fraction": 0.3076923076923077,
      "baseline_mean_score": 3.870602137187493,
      "chimera_mean_score": 0.18368835269919834,
      "chimera_hard_floor_hits": 0
    },
    "infra_reuse_heavy": {
      "n_events": 0
    },
    "mfa_bypass_focus": {
      "n_events": 0
    }
  },
  "identity_examples": []
}