{
  "dataset": "generic_auth",
  "injection_type": "password_spraying",
  "injection_magnitude": 3.0,
  "seed": 42,
  "n_events_original": 374,
  "n_events_injected": 14,
  "elapsed_seconds": 0.2649999999994179,
  "baseline": {
    "threshold_drift_mean": 0.0,
    "threshold_drift_max": 0.0,
    "threshold_drift_std": 0.0,
    "disagreement_entropy_mean": 1.0211843915820407,
    "disagreement_entropy_std": 0.6925223266940438,
    "score_variance_mean": 1.4840756551756455,
    "sensitivity_curve": [
      [
        0.01,
        1.3611792065967216
      ],
      [
        0.02526315789473684,
        1.138838301966089
      ],
      [
        0.04052631578947368,
        0.7900703211615504
      ],
      [
        0.05578947368421053,
        0.702296721292001
      ],
      [
        0.07105263157894737,
        0.6935113043504361
      ],
      [
        0.0863157894736842,
        0.6711195661986361
      ],
      [
        0.10157894736842105,
        0.654366602869902
      ],
      [
        0.11684210526315789,
        0.6411441062826116
      ],
      [
        0.13210526315789473,
        0.6354698237858165
      ],
      [
        0.1473684210526316,
        0.6303795349359367
      ],
      [
        0.16263157894736843,
        0.6251420077284292
      ],
      [
        0.17789473684210527,
        0.6171285947731597
      ],
      [
        0.1931578947368421,
        0.6132109131628296
      ],
      [
        0.20842105263157895,
        0.6028774561331514
      ],
      [
        0.2236842105263158,
        0.6003214250800063
      ],
      [
        0.23894736842105263,
        0.5966786534709608
      ],
      [
        0.25421052631578944,
        0.5952440653480096
      ],
      [
        0.2694736842105263,
        0.594367004234582
      ],
      [
        0.2847368421052632,
        0.588395784523089
      ],
      [
        0.3,
        0.5827968050927953
      ]
    ],
    "detection_rate_at_fpr": {
      "0.01": 0.07142857142857142,
      "0.05": 0.6428571428571429,
      "0.1": 0.6428571428571429,
      "0.2": 0.6428571428571429
    },
    "false_positive_rate_observed": 0.8972222222222223,
    "false_positive_count": 323,
    "true_positive_count": 14,
    "n_events": 374,
    "n_anomalies_flagged": 337,
    "n_injected": 14
  },
  "chimera": {
    "threshold_drift_mean": 0.0,
    "threshold_drift_max": 0.0,
    "threshold_drift_std": 0.0,
    "disagreement_entropy_mean": 1.9931218967320554,
    "disagreement_entropy_std": 0.012913456727458673,
    "score_variance_mean": 0.14324629484279963,
    "sensitivity_curve": [
      [
        0.01,
        0.5089104805849911
      ],
      [
        0.02526315789473684,
        0.5037003127168743
      ],
      [
        0.04052631578947368,
        0.4909631303904661
      ],
      [
        0.05578947368421053,
        0.3748336413196185
      ],
      [
        0.07105263157894737,
        0.34382706963589815
      ],
      [
        0.0863157894736842,
        0.34185378922344273
      ],
      [
        0.10157894736842105,
        0.3417508659902372
      ],
      [
        0.11684210526315789,
        0.32598846799165654
      ],
      [
        0.13210526315789473,
        0.31362633382612937
      ],
      [
        0.1473684210526316,
        0.31319304451689817
      ],
      [
        0.16263157894736843,
        0.3124809390023112
      ],
      [
        0.17789473684210527,
        0.3113106771881026
      ],
      [
        0.1931578947368421,
        0.3107568064250991
      ],
      [
        0.20842105263157895,
        0.31007699494825336
      ],
      [
        0.2236842105263158,
        0.3086631026907232
      ],
      [
        0.23894736842105263,
        0.30849159714001045
      ],
      [
        0.25421052631578944,
        0.30817510344279403
      ],
      [
        0.2694736842105263,
        0.3079007277859196
      ],
      [
        0.2847368421052632,
        0.3072544670797905
      ],
      [
        0.3,
        0.3070293595304586
      ]
    ],
    "detection_rate_at_fpr": {
      "0.01": 0.21428571428571427,
      "0.05": 0.9285714285714286,
      "0.1": 0.9285714285714286,
      "0.2": 0.9285714285714286
    },
    "false_positive_rate_observed": 0.7805555555555556,
    "false_positive_count": 281,
    "true_positive_count": 13,
    "n_events": 374,
    "n_anomalies_flagged": 294,
    "n_injected": 14
  },
  "detection_lift_at_fpr": {
    "0.01": 0.14285714285714285,
    "0.05": 0.2857142857142857,
    "0.1": 0.2857142857142857,
    "0.2": 0.2857142857142857
  },
  "benchmark_slices": {
    "takeover_only": {
      "n_events": 1,
      "baseline_detected_fraction": 1.0,
      "chimera_detected_fraction": 1.0,
      "baseline_mean_score": 0.3841280249831772,
      "chimera_mean_score": 0.49340333812175274,
      "chimera_hard_floor_hits": 0
    },
    "coordination_heavy": {
      "n_events": 13,
      "baseline_detected_fraction": 1.0,
      "chimera_detected_fraction": 0.9230769230769231,
      "baseline_mean_score": 0.9403667023617849,
      "chimera_mean_score": 0.4708369889620352,
      "chimera_hard_floor_hits": 0
    },
    "infra_reuse_heavy": {
      "n_events": 13,
      "baseline_detected_fraction": 1.0,
      "chimera_detected_fraction": 0.9230769230769231,
      "baseline_mean_score": 0.9403667023617849,
      "chimera_mean_score": 0.4708369889620352,
      "chimera_hard_floor_hits": 0
    },
    "mfa_bypass_focus": {
      "n_events": 0
    }
  },
  "identity_examples": [
    {
      "user_id": "user_01",
      "timestamp": "2026-01-07T02:00:00",
      "identity_fusion_score": 0.366669,
      "identity_takeover_score": 0.35,
      "identity_reasons": [
        "Rapid sequence cadence for user_01 within the burst window.",
        "Country transition occurred inside the suspicious relation window.",
        "Network identity shifted outside user_01's prior baseline.",
        "Device fingerprint is new for user_01.",
        "An existing session shifted across multiple identity-context dimensions."
      ]
    },
    {
      "user_id": "user_02",
      "timestamp": "2026-01-07T02:00:45",
      "identity_fusion_score": 0.115,
      "identity_takeover_score": 0.1,
      "identity_reasons": [
        "Network identity shifted outside user_02's prior baseline.",
        "Device fingerprint is new for user_02.",
        "The same infrastructure pair has already appeared under another identity.",
        "Multiple peer identities recently converged on the same infrastructure pair.",
        "Observed 1 synchronized peer identities in the same local window."
      ]
    },
    {
      "user_id": "user_03",
      "timestamp": "2026-01-07T02:01:30",
      "identity_fusion_score": 0.1675,
      "identity_takeover_score": 0.1,
      "identity_reasons": [
        "Network identity shifted outside user_03's prior baseline.",
        "Device fingerprint is new for user_03.",
        "Device fingerprint is reused across 2 users.",
        "The same infrastructure pair has already appeared under another identity.",
        "Multiple peer identities recently converged on the same infrastructure pair.",
        "Observed 2 synchronized peer identities in the same local window."
      ]
    },
    {
      "user_id": "user_04",
      "timestamp": "2026-01-07T02:02:15",
      "identity_fusion_score": 0.22,
      "identity_takeover_score": 0.1,
      "identity_reasons": [
        "Network identity shifted outside user_04's prior baseline.",
        "Device fingerprint is new for user_04.",
        "IP address is shared across 3 users.",
        "Device fingerprint is reused across 3 users.",
        "The same infrastructure pair has already appeared under another identity.",
        "Multiple peer identities recently converged on the same infrastructure pair.",
        "Observed 3 synchronized peer identities in the same local window."
      ]
    },
    {
      "user_id": "user_05",
      "timestamp": "2026-01-07T02:03:00",