{
  "dataset": "generic_auth",
  "injection_type": "session_hijack",
  "injection_magnitude": 3.0,
  "seed": 42,
  "n_events_original": 422,
  "n_events_injected": 62,
  "elapsed_seconds": 0.26599999999962165,
  "baseline": {
    "threshold_drift_mean": 0.0,
    "threshold_drift_max": 0.0,
    "threshold_drift_std": 0.0,
    "disagreement_entropy_mean": 1.6899787559017403,
    "disagreement_entropy_std": 0.735509989265331,
    "score_variance_mean": 69.5382273530289,
    "sensitivity_curve": [
      [
        0.01,
        13.079077874817667
      ],
      [
        0.02526315789473684,
        11.646313530170161
      ],
      [
        0.04052631578947368,
        10.473360176481645
      ],
      [
        0.05578947368421053,
        9.108850117490345
      ],
      [
        0.07105263157894737,
        7.861720427851183
      ],
      [
        0.0863157894736842,
        6.48893994294299
      ],
      [
        0.10157894736842105,
        5.324807154385674
      ],
      [
        0.11684210526315789,
        4.92476426752895
      ],
      [
        0.13210526315789473,
        4.0503663287724505
      ],
      [
        0.1473684210526316,
        1.7371994128181132
      ],
      [
        0.16263157894736843,
        0.5558123535546861
      ],
      [
        0.17789473684210527,
        0.31888481133491664
      ],
      [
        0.1931578947368421,
        0.31534978863778595
      ],
      [
        0.20842105263157895,
        0.29976619625582585
      ],
      [
        0.2236842105263158,
        0.29792209193602104
      ],
      [
        0.23894736842105263,
        0.29276102631585194
      ],
      [
        0.25421052631578944,
        0.27860039123985214
      ],
      [
        0.2694736842105263,
        0.27792280301826516
      ],
      [
        0.2847368421052632,
        0.27406908019581194
      ],
      [
        0.3,
        0.24209443126977412
      ]
    ],
    "detection_rate_at_fpr": {
      "0.01": 0.7096774193548387,
      "0.05": 1.0,
      "0.1": 1.0,
      "0.2": 1.0
    },
    "false_positive_rate_observed": 0.6666666666666666,
    "false_positive_count": 240,
    "true_positive_count": 62,
    "n_events": 422,
    "n_anomalies_flagged": 302,
    "n_injected": 62
  },
  "chimera": {
    "threshold_drift_mean": 0.0,
    "threshold_drift_max": 0.0,
    "threshold_drift_std": 0.0,
    "disagreement_entropy_mean": 2.0102220774605164,
    "disagreement_entropy_std": 0.004576431581338495,
    "score_variance_mean": 0.11359092795528024,
    "sensitivity_curve": [
      [
        0.01,
        1.0
      ],
      [
        0.02526315789473684,
        1.0
      ],
      [
        0.04052631578947368,
        1.0
      ],
      [
        0.05578947368421053,
        1.0
      ],
      [
        0.07105263157894737,
        1.0
      ],
      [
        0.0863157894736842,
        1.0
      ],
      [
        0.10157894736842105,
        1.0
      ],
      [
        0.11684210526315789,
        1.0
      ],
      [
        0.13210526315789473,
        1.0
      ],
      [
        0.1473684210526316,
        0.5182173930101712
      ],
      [
        0.16263157894736843,
        0.5049539571728316
      ],
      [
        0.17789473684210527,
        0.2853737320145103
      ],
      [
        0.1931578947368421,
        0.2802196989320608
      ],
      [
        0.20842105263157895,
        0.27757223307779166
      ],
      [
        0.2236842105263158,
        0.27728898722213957
      ],
      [
        0.23894736842105263,
        0.2771190033981231
      ],
      [
        0.25421052631578944,
        0.27698946510975364
      ],
      [
        0.2694736842105263,
        0.27672950553245457
      ],
      [
        0.2847368421052632,
        0.27630679767257804
      ],
      [
        0.3,
        0.2754121275217905
      ]
    ],
    "detection_rate_at_fpr": {
      "0.01": 1.0,
      "0.05": 1.0,
      "0.1": 1.0,
      "0.2": 1.0
    },
    "false_positive_rate_observed": 0.25833333333333336,
    "false_positive_count": 93,
    "true_positive_count": 62,
    "n_events": 422,
    "n_anomalies_flagged": 155,
    "n_injected": 62
  },
  "detection_lift_at_fpr": {
    "0.01": 0.29032258064516125,
    "0.05": 0.0,
    "0.1": 0.0,
    "0.2": 0.0
  },
  "benchmark_slices": {
    "takeover_only": {
      "n_events": 61,
      "baseline_detected_fraction": 1.0,
      "chimera_detected_fraction": 1.0,
      "baseline_mean_score": 7.553471640703882,
      "chimera_mean_score": 1.0,
      "chimera_hard_floor_hits": 61
    },
    "coordination_heavy": {
      "n_events": 61,
      "baseline_detected_fraction": 1.0,
      "chimera_detected_fraction": 1.0,
      "baseline_mean_score": 7.582834483028445,
      "chimera_mean_score": 0.9928704863179916,
      "chimera_hard_floor_hits": 60
    },
    "infra_reuse_heavy": {
      "n_events": 0
    },
    "mfa_bypass_focus": {
      "n_events": 0
    }
  },
  "identity_examples": []
}