{
  "dataset": "generic_auth",
  "injection_type": "mfa_bypass",
  "injection_magnitude": 3.0,
  "seed": 42,
  "n_events_original": 364,
  "n_events_injected": 4,
  "elapsed_seconds": 0.31199999999989814,
  "baseline": {
    "threshold_drift_mean": 0.0,
    "threshold_drift_max": 0.0,
    "threshold_drift_std": 0.0,
    "disagreement_entropy_mean": 1.9614129322556848,
    "disagreement_entropy_std": 0.2869172272419818,
    "score_variance_mean": 0.18095555390652662,
    "sensitivity_curve": [
      [
        0.01,
        0.6833516052791786
      ],
      [
        0.02526315789473684,
        0.6045869602835202
      ],
      [
        0.04052631578947368,
        0.31791393006311724
      ],
      [
        0.05578947368421053,
        0.31577213914107416
      ],
      [
        0.07105263157894737,
        0.3008181535580017
      ],
      [
        0.0863157894736842,
        0.3004287770539274
      ],
      [
        0.10157894736842105,
        0.29817910446236273
      ],
      [
        0.11684210526315789,
        0.2932985666915743
      ],
      [
        0.13210526315789473,
        0.28753610619622594
      ],
      [
        0.1473684210526316,
        0.2781899232205775
      ],
      [
        0.16263157894736843,
        0.27777254664678075
      ],
      [
        0.17789473684210527,
        0.27360203749213824
      ],
      [
        0.1931578947368421,
        0.23639344565917467
      ],
      [
        0.20842105263157895,
        0.18083672181823351
      ],
      [
        0.2236842105263158,
        0.17938210989204942
      ],
      [
        0.23894736842105263,
        0.1775507426686269
      ],
      [
        0.25421052631578944,
        0.1746669900215541
      ],
      [
        0.2694736842105263,
        0.1709250163521286
      ],
      [
        0.2847368421052632,
        0.16798104555968457
      ],
      [
        0.3,
        0.16374552701472075
      ]
    ],
    "detection_rate_at_fpr": {
      "0.01": 0.0,
      "0.05": 1.0,
      "0.1": 1.0,
      "0.2": 1.0
    },
    "false_positive_rate_observed": 0.6666666666666666,
    "false_positive_count": 240,
    "true_positive_count": 4,
    "n_events": 364,
    "n_anomalies_flagged": 244,
    "n_injected": 4
  },
  "chimera": {
    "threshold_drift_mean": 0.0,
    "threshold_drift_max": 0.0,
    "threshold_drift_std": 0.0,
    "disagreement_entropy_mean": 2.0094987898191654,
    "disagreement_entropy_std": 0.005411585238116986,
    "score_variance_mean": 0.10494608726464393,
    "sensitivity_curve": [
      [
        0.01,
        0.5420907676976577
      ],
      [
        0.02526315789473684,
        0.303932223862751
      ],
      [
        0.04052631578947368,
        0.28429940220446315
      ],
      [
        0.05578947368421053,
        0.28194429234390034
      ],
      [
        0.07105263157894737,
        0.2801756734917766
      ],
      [
        0.0863157894736842,
        0.2792148075836287
      ],
      [
        0.10157894736842105,
        0.27869232405121147
      ],
      [
        0.11684210526315789,
        0.2782873959486174
      ],
      [
        0.13210526315789473,
        0.2782574829254125
      ],
      [
        0.1473684210526316,
        0.2779261858112935
      ],
      [
        0.16263157894736843,
        0.2775584184881539
      ],
      [
        0.17789473684210527,
        0.2773857537889827
      ],
      [
        0.1931578947368421,
        0.2752345798151443
      ],
      [
        0.20842105263157895,
        0.2748896955509826
      ],
      [
        0.2236842105263158,
        0.27470838731668495
      ],
      [
        0.23894736842105263,
        0.27279383434628496
      ],
      [
        0.25421052631578944,
        0.26917494606554704
      ],
      [
        0.2694736842105263,
        0.2675956647229524
      ],
      [
        0.2847368421052632,
        0.26693658351226224
      ],
      [
        0.3,
        0.26477533791297164
      ]
    ],
    "detection_rate_at_fpr": {
      "0.01": 1.0,
      "0.05": 1.0,
      "0.1": 1.0,
      "0.2": 1.0
    },
    "false_positive_rate_observed": 0.25277777777777777,
    "false_positive_count": 91,
    "true_positive_count": 4,
    "n_events": 364,
    "n_anomalies_flagged": 95,
    "n_injected": 4
  },
  "detection_lift_at_fpr": {
    "0.01": 1.0,
    "0.05": 0.0,
    "0.1": 0.0,
    "0.2": 0.0
  },
  "benchmark_slices": {
    "takeover_only": {
      "n_events": 4,
      "baseline_detected_fraction": 1.0,
      "chimera_detected_fraction": 1.0,
      "baseline_mean_score": 0.579102788857689,
      "chimera_mean_score": 0.7050340965342419,
      "chimera_hard_floor_hits": 1
    },
    "coordination_heavy": {
      "n_events": 3,
      "baseline_detected_fraction": 1.0,
      "chimera_detected_fraction": 1.0,
      "baseline_mean_score": 0.6466951599974508,
      "chimera_mean_score": 0.7406800053137027,
      "chimera_hard_floor_hits": 1
    }
  },
  "identity_examples": []
}