{
  "threshold": 0.7750896007322798,
  "threshold_instability": 0.0,
  "n_events": 48,
  "n_anomalies": 5,
  "disagreement_entropy_mean": 0.08320280230613443,
  "score_variance_mean": 0.004081115448264252,
  "anomaly_indices": [
    0,
    1,
    2,
    3,
    7
  ],
  "ensemble_scores": [
    0.7750896007322798,
    0.7750896007322798,
    0.7750896007322798,
    0.937453758375676,
    0.6685960680415719,
    0.6685960680415719,
    0.6685960680415719,
    1.0,
    0.6096936636424293,
    0.36156666074102883,
    0.36156666074102883,
    0.5394747044630231,
    0.2465148070669551,
    0.49406302443249794,
    0.2991335323724495,
    0.2465148070669551,
    0.08681576312890499,
    0.08681576312890499,
    0.7311411686210765,
    0.08681576312890499,
    0.03650252163749224,
    0.3896901132143499,
    0.03650252163749224,
    0.155067515208326,
    0.007131833451286373,
    0.007131833451286373,
    0.007131833451286373,
    0.21850773637929444,
    0.10685150820247875,
    0.004331956577813915,
    0.004331956577813915,
    0.04206814251803949,
    0.02126701100699171,
    0.12129446012113912,
    0.03017139707868592,
    0.02126701100699171,
    0.06378528885211221,
    0.06378528885211221,
    0.210397839566615,
    0.06378528885211221,
    0.10311995982697343,
    0.10311995982697343,
    0.10311995982697343,
    0.2411136151871985,
    0.1915146861355138,
    0.1915146861355138,
    0.1915146861355138,
    0.2802207275597024
  ],
  "identity_research": {
    "enabled": false,
    "channels": [],
    "examples": []
  }
}